upc,product_description,commodity,brand,product_size
3000005350,A J BTRMLK COMP PNCK MIX,pancake mixes,Aunt Jemima,1 LB
3000005070,A/JEM COMPLETE PANCAKE MI,pancake mixes,Aunt Jemima,32    OZ
3000005300,AJ BUTTERMILK PANCAKE MIX,pancake mixes,Aunt Jemima,32 OZ
3000005040,AUNT JEM ORIGINAL PANCAKE MIX,pancake mixes,Aunt Jemima,2 LB
1600047090,BISQUICK SHK PR BTMK PNK,pancake mixes,Bisquick,7 OZ
1760004476,BRUCES SWT POT PANCK MX,pancake mixes,Bruce's,1.5 LB
7582281003,CLASSIQUE FARE BELGN WAFF MIX,pancake mixes,Classique,16 OZ
1112600720,FASTSHAKE BLUEBERRY,pancake mixes,Fastshake,5 OZ
7151802028,HM MUTLIGRN W/FLXSD PNCK,pancake mixes,Hodgson Mills,16 OZ
7151802024,HODGSON  BUCKWHEAT PAN,pancake mixes,Hodgson Mills,32 OZ
7151802022,HODGSON BUTERMILK PANC,pancake mixes,Hodgson Mills,2 LB
1800028066,H J BUTTERMILK PANCK MIX,pancake mixes,Hungry Jack,NA
1800028065,H J PANCAKE EX LITE MIX,pancake mixes,Hungry Jack,32 OZ
1800028063,H J PANCAKE ORIGINAL MIX,pancake mixes,Hungry Jack,32 OZ
1800028064,H J PANCK BTRMLK COMP MIX,pancake mixes,Hungry Jack,NA
1800028067,H J PANCK MX EX LITE COMP,pancake mixes,Hungry Jack,NA
1800028036,HNGRY JK BLUEBRY COMP 4PK,pancake mixes,Hungry Jack,16 OZ
1800028035,HNGRY JK COMP BTRMLK 4PK,pancake mixes,Hungry Jack,16 OZ
4144900186,KRUSTEAZ BELGIAN WAFFLE,pancake mixes,Krusteaz,28 OZ
4144900128,KRUSTEAZ BLUEBRY PANCAKE,pancake mixes,Krusteaz,28 OZ
4144900110,KRUSTEAZ COMP BM PANCAKE,pancake mixes,Krusteaz,32 OZ
1330052501,M W FLAPSTAX BTRMLK-POUCH,pancake mixes,M W Flapstax,5.5 OZ
7468300007,MGF BLUEBERRY PANCAKE MIX,pancake mixes,Maple Grove,24 OUNCE
7468300009,MGF HNY BUCKWHEAT PNCK MX,pancake mixes,Maple Grove,24 OZ
7468300008,MPL GRV PANCKE MIX BTR/HN,pancake mixes,Maple Grove,24    OZ
4420930112,MRS BUTTERWORTH PANCAKE M,pancake mixes,Mrs Butterworth,32 OZ
7754482500,OSEM BISSLI FALAFEL,pancake mixes,Osem Bissli,2.5 OZ
4146031120,PIONEER NF BTRMLK PNCK MX,pancake mixes,Pioneer,32 OZ
9999985260,PRIVATE LABEL COMPLETE PANCAKE MIX,pancake mixes,Private Label,32 OZ
9999985261,PRIVATE LABEL COMPLETE PANCAKE MIX,pancake mixes,Private Label,2 LB
9999984346,PRIVATE LABEL PANCAKE & WAFFLE MIX,pancake mixes,Private Label Premium,2 LB
3250046100,WH LILY BM PANCAKE MIX,pancake mixes,White Lily,5.5 OZ
3250041100,WHT LILY BLUBRY PNCK MIX,pancake mixes,White Lily,6 1/2 OZ
8147591234,AL DENTE 3 PEPPER FETTUCI,pasta,Al Dente,12 OZ
8147557893,AL DENTE BASIL FETTUCINE,pasta,Al Dente,12 OZ
8147532456,AL DENTE EGG FETTUCINI,pasta,Al Dente,12 OZ
8147582014,AL DENTE FIESTA FETTUCINE,pasta,Al Dente,12 OZ
8147599847,AL DENTE GARLIC PARSLEY,pasta,Al Dente,12 OZ
8147572543,AL DENTE LEMON CHIVE FETT,pasta,Al Dente,12 OZ
8147571687,AL DENTE RED CHILI PEPPER FETT,pasta,Al Dente,12 OZ
8147590123,AL DENTE SESAME LINGUINI,pasta,Al Dente,12 OZ
8147534789,AL DENTE SPINACH FETTUCINI,pasta,Al Dente,12 OZ
8147546297,AL DENTE TOMATO FETTICINE,pasta,Al Dente,12 OZ
7107200324,ALESSI PASTA CASARECCI,pasta,Alessi,16 OZ
7107200320,ALESSI PASTA ORECCHIETTE,pasta,Alessi,16 OZ
7107201136,ALESSI RASP WHT BALSAMIC,pasta,Alessi,8.5 OZ
7680850643,(S)BARILLA GEMELLI PASTA,pasta,Barilla,16 OZ
7680850294,(S)BARILLA RIGATONI PASTA,pasta,Barilla,16 OZ
7680852298,BARILLA 3 CHS TORTELLINI,pasta,Barilla,13 OZ
7680850106,BARILLA ANGEL HAIR,pasta,Barilla,16 OZ
7680852290,BARILLA BUCATINI RIGATI,pasta,Barilla,14 OZ
7680851433,BARILLA CAMPANELLE PASTA,pasta,Barilla,16 OUNCE
7680852299,BARILLA CHS/SPIN TORTLNI,pasta,Barilla,13OZ FMLY
7680850112,BARILLA CONCHIGLIE PSTA,pasta,Barilla,16    OZ
7680851613,BARILLA ELBOW PASTA,pasta,Barilla,16    OZ
7680850108,BARILLA FARFALLE PASTA,pasta,Barilla,16 OZ
7680850738,BARILLA FETTUCCINE PSTA,pasta,Barilla,16 OZ
7680852289,BARILLA FETTUCCINE RIGATE,pasta,Barilla,14 OZ
7680852009,BARILLA FIORI SHORT CUT,pasta,Barilla,16OZ
7680851708,BARILLA JUMBO SHELS 12 OZ,pasta,Barilla,CUST REQST
7680851558,BARILLA LASAGNA OVEN READ,pasta,Barilla,9    OZ
7680828017,BARILLA LINGUINI PASTA,pasta,Barilla,16 OZ
7680851709,BARILLA MANICOTTI,pasta,Barilla,8    OZ
7680851798,BARILLA MEDIUM SHELLS,pasta,Barilla,16 OZ
7680850295,BARILLA MINI PENNE PASTA,pasta,Barilla,16 OZ
7680828083,BARILLA MINI RIGATONI {A},pasta,Barilla,16 OZ
7680828071,BARILLA MOSTACCIOLI,pasta,Barilla,16 OZ
7680851398,BARILLA ORZO PASTA,pasta,Barilla,16    OZ
7680828073,BARILLA PENNE RIGATE,pasta,Barilla,16 OZ
7680852007,BARILLA PIPETTE PASTA,pasta,Barilla,12 OZ
7680851699,BARILLA PORCINI MUSHRM TO,pasta,Barilla,8 OZ
7680851700,BARILLA RICOTTA ASPARAGUS,pasta,Barilla,8 OZ
7680851697,BARILLA RICOTTA SPINACH T,pasta,Barilla,8 OZ
7680828098,BARILLA ROTINI,pasta,Barilla,16 OZ
7680852291,BARILLA SHORT CUTS TUBINI,pasta,Barilla,16 OZ
7680828008,BARILLA SPAGHETTI PASTA,pasta,Barilla,16    OZ
7680852180,BARILLA SPAGHETTI RIGATI,pasta,Barilla,15 OZ
7680828009,BARILLA THIN SPAGHETTI PS,pasta,Barilla,16    OZ
7680851698,BARILLA TORT THREE CHEESE,pasta,Barilla,8 OZ
7680851829,BARILLA TRI-COLOR ROTINI,pasta,Barilla,12 OZ
4767428776,CASTELNA FOGLIE D AUTUNNO,pasta,Castelna,17.6 OZ
4767441131,CASTELNA TRECCE DEL ORTO,pasta,Castelna,17.6 OZ
3915321265,COLAVITA CAPELLINI NIDI,pasta,Colavita,16 OZ
3915321268,COLAVITA FETUCCINE NEST,pasta,Colavita,16 OZ
3915331267,COLAVITA SPINACH NEST,pasta,Colavita,16 OZ
1510000167,CREAMETTE ANGEL HAIR PSTA,pasta,Creamette,16 OZ
1510000327,CREAMETTE BOW TIES,pasta,Creamette,12 OZ
1510000011,CREAMETTE ELBO MACARONI,pasta,Creamette,32 OZ
1510000007,CREAMETTE ELBOW MACARONI,pasta,Creamette,N     1 LB
1510000401,CREAMETTE FETTUCCINE,pasta,Creamette,12 OZ
1510000003,CREAMETTE JUMBO ELBOW MAC,pasta,Creamette,16 OZ
1510000072,CREAMETTE KDS CLB TWISTS,pasta,Creamette,16 OZ
1510000031,CREAMETTE LASAGNA MACR,pasta,Creamette,16  Z
1510000049,CREAMETTE MANICOTTI,pasta,Creamette,8 OZ
1510000236,CREAMETTE PENNE RIGATE,pasta,Creamette,16 OZ
1510000256,CREAMETTE ROTINI MACARONI,pasta,Creamette,16  OZ
1510000014,CREAMETTE ROTINI RAINBOW,pasta,Creamette,1 LB
1510000073,CREAMETTE SHELL MEDIUM,pasta,Creamette,1 LB
1510000043,CREAMETTE SPAGHETTI,pasta,Creamette,16 OZ
1510000162,CREAMETTE SPAGHETTI,pasta,Creamette,2 LB
1510000163,CREAMETTE SPAGHETTI THIN,pasta,Creamette,16OZ
1510000048,CREAMETTE THIN VERMICELLI,pasta,Creamette,32 OZ
1510000013,CREAMETTE VERMICELLI,pasta,Creamette,N     1 LB
1510000027,CREAMETTE X-WIDE NOODLE,pasta,Creamette,16  OZ
1510000026,CRMET EGG NOODLES-WIDE,pasta,Creamette,1 LB
1510000001,CRMET ELBW MACARONI SMALL,pasta,Creamette,7 OZ
1510000017,CRMET LONG SPAG,pasta,Creamette,7 OZ
1510000004,CRMET SHELLS SMALL,pasta,Creamette,7 OZ
8798480301,CUCINA V G POTATO/SPINACH,pasta,Cucina,17.5 OZ
7067000736,DA VINCI CANNELONI MANICOTTI,pasta,DaVinci,8 OZ
7067000735,DA VINCI FARFALLE MEDIA B,pasta,DaVinci,1 LB
7067000722,DA VINCI FETTUCCINE,pasta,DaVinci,1 LB
7067000739,DA VINCI FETTUCCINE NESTS,pasta,DaVinci,16 OZ
7067000728,DA VINCI FUSILLI SPRINGS,pasta,DaVinci,1 LB
7067000730,DA VINCI GNOCCHI,pasta,DaVinci,16 OZ
7067000877,DA VINCI ITL ORG BOWTIES,pasta,DaVinci,1 LB
7067000875,DA VINCI ITL ORG PENNE,pasta,DaVinci,1 LB
7067000742,DA VINCI JUMBO SHELLS,pasta,DaVinci,P    12 OZ
7067000721,DA VINCI LASAGNA 16 OZ,pasta,DaVinci,KH# 6862
7067000723,DA VINCI LINGUINE,pasta,DaVinci,16 OZ
7067000727,DA VINCI RIGATONI,pasta,DaVinci,P    16 OZ
7067000733,DA VINCI ROSE MARIA ORZO,pasta,DaVinci,1 LB
7067000732,DA VINCI ROTELLE WAGON WH,pasta,DaVinci,16 OZ
7067000741,DA VINCI ROTINI,pasta,DaVinci,1 LB
7067000725,DA VINCI SPAG/VERMICELLI,pasta,DaVinci,1 LB
7067000751,DAVINCI ANGEL HAIR NESTS,pasta,DaVinci,1 LB
7067000731,DAVINCI CONCHI SEA SHELLS,pasta,DaVinci,16 OZ
7067000740,DAVINCI CUT ZITI,pasta,DaVinci,16 OZ
7067000697,DAVINCI FUSILE TRI COLOR,pasta,DaVinci,16 OZ
7067000843,DAVINCI MULTCLR TORTELLIN,pasta,DaVinci,7    OZ
7067000871,DAVINCI ORG SPAGHETTI,pasta,DaVinci,16    OZ
7067000840,DAVINCI REGULR TORTELLINI,pasta,DaVinci,7    OZ
7067000729,DAVINCI RIGATE MOSTACO,pasta,DaVinci,16 OZ
7067000841,DAVINCI SPINCH TORTELLINI,pasta,DaVinci,7    OZ
7067000726,DAVINCI\PASTA SPAGHETTI,pasta,DaVinci,16 OZ
7914730169,DARIELLE ELBOWS PASTA,pasta,Darielle,12 OZ
7914730189,DARIELLE MEZZE PENNE PSTA,pasta,Darielle,12 OZ
7914730119,DARIELLE PENNE PASTA,pasta,Darielle,12 OZ
2409427034,DE CEC FUSILLI WHL WHEAT,pasta,Dececco,16 OZ
2409427041,DE CEC PENNE RGT WH WHEAT,pasta,Dececco,16 OZ
2409407024,DE CECCO PASTA RIGATONI,pasta,Dececco,1 LB
2409407054,DE CECCO ROTELLO WHEEL 54,pasta,Dececco,16 OZ
2409437034,DE CECCO SPINACH FUSILLI,pasta,Dececco,16 OZ
2409427012,DEC WHOLE WHEAT SPAGHETTI,pasta,Dececco,17 OZ
2409407009,DECECCO CAPELLINI    16OZ,pasta,Dececco,KH# 8652
2409407093,DECECCO FARFALLE BOW TIES,pasta,Dececco,16 OZ
2409407006,DECECCO FETTUCINI,pasta,Dececco,16 OZ
2409407034,DECECCO FUSILLI      16OZ,pasta,Dececco,KH# 13384
2409407007,DECECCO LINGUINE,pasta,Dececco,16 OZ
2409427007,DECECCO LINGUINI,pasta,Dececco,17.5 OZ
2409437041,DECECCO PASTA SPIN PEN RI,pasta,Dececco,16 OZ
2409407040,DECECCO PENNE REGATE 16OZ,pasta,Dececco,KH# 8525
2409407041,DECECCO PENNE RIGATE 16OZ,pasta,Dececco,KH# 8627
2409437007,DECECCO SINACH LINGUINE,pasta,Dececco,16 OZ
2409407012,DECECCO SPAGHETTI    16OZ,pasta,Dececco,KH# 8623
2409407011,DECECCO SPAGHETTINI  16OZ,pasta,Dececco,KH# 8651
2409437012,DECECCO SPINACH SPAGHETTI,pasta,Dececco,16 OZ
2409407118,DECECCO ZITA MACARONI,pasta,Dececco,16 OZ
8016301100,DEFINO NO BOIL LASAGNA,pasta,Defino,8 OZ
7546203820,DEL ALPE BASIL/GRLC LINQUINE,pasta,Dell Alpe,8 OZ
7546203832,DEL ALPE LEM PEP LINGUINE,pasta,Dell Alpe,8 OZ
6738703009,DREAMFIELD ELBOW MAC,pasta,Dreamfield,16 OZ
6738703055,DREAMFIELD LINGUINE,pasta,Dreamfield,16 OZ
6738703019,DREAMFIELD PENNE RIGATE,pasta,Dreamfield,16 OZ
6738703004,DREAMFIELD SPAGHETTI,pasta,Dreamfield,16 OZ
7518100817,EDD OG VEG ALPHABETS,pasta,Eddie,12 OZ
7140303210,FERRARA GNOCCHI W/POTATO,pasta,Ferrara,16 OZ
1140060206,GOOCH SOY ENRCH SPAGH,pasta,Gooch,16 OZ
1510002700,HEALTHY HARVEST ROTINI,pasta,Healthy Harvest,13.25 OZ
1510002702,HEALTHY HARVEST SPAHETTI,pasta,Healthy Harvest,13.25 OZ
1510002703,HEALTHY HARVEST THIN SPAG,pasta,Healthy Harvest,13.25 OZ
7151800017,*HODGE WHEAT LASAGNA,pasta,Hodgson Mills,8 OZ
7151800016,*HODGE WHEAT SPAGHETTI,pasta,Hodgson Mills,16 OZ
7151800023,H M WHL WHEAT FETTUCCINI,pasta,Hodgson Mills,P    12 OZ
7151800020,H M WHL WHT EGG NOODLES,pasta,Hodgson Mills,12 OZ
7151800018,H M WHL WHT ELBOW MACARONI,pasta,Hodgson Mills,16 OZ
7151800026,HOD MILL VEGGIE ROTINI,pasta,Hodgson Mills,N    16 OZ
7151800024,HODG MILL WHO WHT SPIRALS,pasta,Hodgson Mills,NO TAG
7151800025,HODGSON SEMO VEGGIE BO,pasta,Hodgson Mills,16.00  OZ
7151800022,HODGSON WW SPINACH SPA,pasta,Hodgson Mills,16 OZ
2100007212,KRFT DLX OTG W/MARNRA SCE,pasta,Kraft,6.75 OZ
2100007213,VELVEETA O-T-G SHLL W/CHS,pasta,Kraft,6.75 OZ
2800069180,MAGGI SPAETZLE IMPORT,pasta,Maggi Spaetzle,10 OZ
2810003300,MOTHERS FINE EGG NOODLES,pasta,Mother's,10 OZ
2810003301,MOTHERS MEDM EGG NOODLES,pasta,Mother's,10 OZ
2810003304,MOTHERS NO YLK WD EGG NOD,pasta,Mother's,10 OZ
2810003302,MOTHERS WIDE EGG NOODLES,pasta,Mother's,10 OZ
7209800100,M WEISS X-FINE NOODLES,pasta,Mrs Weiss,10 OZ
7209800200,MRS WEISS KLUSKI NOODLES,pasta,Mrs Weiss,8 OUNCE
7209800102,WEISS W NOODLES 9297,pasta,Mrs Weiss,10 OZ
2920000206,MUELLER ANGEL HAIR PASTA,pasta,Mueller,16 OZ
2920000421,MUELLER ELBO MACARO,pasta,Mueller,3LB
2920000350,MUELLER ELBO MACARONI,pasta,Mueller,32 OZ
2920000213,MUELLER ELBOW MACARONI,pasta,Mueller,16 OZ
2920000205,MUELLER FETTUCCINE PASTA,pasta,Mueller,16 OZ
2920000301,MUELLER LASAGNE,pasta,Mueller,1 LB
4732530205,MUELLER MINI PENNE,pasta,Mueller,16 OZ
2920000703,MUELLER O/F EGG NDL WIDE,pasta,Mueller,8 OZ
4732500750,MUELLER R/C ELBOWS,pasta,Mueller,12 OZ
4732500754,MUELLER R/C LASAGNA,pasta,Mueller,12 OZ
4732500751,MUELLER R/C PENNE RIGATE,pasta,Mueller,12 OZ
4732500752,MUELLER R/C ROTINI,pasta,Mueller,12 OZ
4732500753,MUELLER R/C SPAGHETTI,pasta,Mueller,12 OZ
2920000352,MUELLER REG SPAGHETTI,pasta,Mueller,2 LB
2920000212,MUELLER SPAGHETTI,pasta,Mueller,1 LB
2920000214,MUELLER THIN SPAGHETI,pasta,Mueller,16 OZ
2920000351,MUELLER THIN SPAGHETTI,pasta,Mueller,32 OZ
2920000218,MUELLER VERMICELLI,pasta,Mueller,1 LB
2920000216,MUELLERS READY CUT,pasta,Mueller,16 OZ
2920000217,MUELLERS ROTINI TWISTS,pasta,Mueller,16 OZ
2920000215,MUELLERS SEA SHELL,pasta,Mueller,16 OZ
2920000153,MUELLERS TRI COLOR TWISTS,pasta,Mueller,12 OZ
7173000716,NO YOLKS BROAD EGG NOODLE,pasta,No Yolks,12 OZ
7173000728,NO YOLKS BROAD EGG NOODLE,pasta,No Yolks,6 OZ
7173000729,NO YOLKS DMPLNGS EGG NDLS,pasta,No Yolks,6 OZ
7173000720,NO YOLKS DUMPLINGS NOODLE,pasta,No Yolks,12 OZ
7173000715,NO YOLKS EXTRA BROAD NOOD,pasta,No Yolks,12 OZ
7173000731,NO YOLKS FINE EGG NOODLES,pasta,No Yolks,6 OZ
7173000722,NO YOLKS X BRD EGG NOODLE,pasta,No Yolks,6 OZ
7065070053,NOTTA PASTA FETTUCCINE,pasta,Notta,P     1 LB
7065070052,NOTTA PASTA LINGUINE,pasta,Notta,1 LB
6806202137,ORZO ITALPASTA,pasta,Orzo,2 LB
4017367016,P S GNGRBREAD MAN PASTA,pasta,Pasta Shoppe,10OZ
4017367017,P S SNOWMAN PASTA,pasta,Pasta Shoppe,10OZ
4017367008,PASTA SHOP HALLOWEEN PSTA,pasta,Pasta Shoppe,10OZ
4017367029,PASTA SHOP TAILGATE PASTA,pasta,Pasta Shoppe,10OZ
4017367005,PASTA SHOPPE SANTA PASTA,pasta,Pasta Shoppe,10OZ
4017367004,PASTA SHP XMAS TREE PASTA,pasta,Pasta Shoppe,10OZ
4017367041,PSTA SHP APPL ORCHRD PSTA,pasta,Pasta Shoppe,10OZ
4017367015,PSTA SHP FALL HRVST PASTA,pasta,Pasta Shoppe,10OZ
1510002582,PEN DTCH KLUSKI EGG NDLES,pasta,Pennsylvania Dutch,12 OZ
9999985217,PRIVATE LABEL ALPHABETS,pasta,Private Label,16 OZ
9999985068,PRIVATE LABEL ANGEL HAIR PASTA,pasta,Private Label,16 OZ
9999985165,PRIVATE LABEL BOWTIES,pasta,Private Label,12 OZ
9999985021,PRIVATE LABEL ELBO MACARONI,pasta,Private Label,16 OZ
9999985002,PRIVATE LABEL ELBOW MACARONI,pasta,Private Label,8 OZ
9999985052,PRIVATE LABEL ELBOW MACARONI,pasta,Private Label,32 OZ
9999985061,PRIVATE LABEL ELBOW MACARONI,pasta,Private Label,48 OZ
9999985126,PRIVATE LABEL EXTRA WIDE NOODLES,pasta,Private Label,16 OZ
9999985029,PRIVATE LABEL FETTUCCINI,pasta,Private Label,12 OZ
9999985215,PRIVATE LABEL GEMELLI,pasta,Private Label,16 OZ
9999985027,PRIVATE LABEL LASAGNA PASTA,pasta,Private Label,16 OZ
9999985134,PRIVATE LABEL LINGUINE,pasta,Private Label,16 OZ
9999985128,PRIVATE LABEL MEDIUM NOODLES,pasta,Private Label,16 OZ
9999985033,PRIVATE LABEL PENNE RIGATE,pasta,Private Label,16 OZ
9999985072,PRIVATE LABEL RAINBOW SALAD TWIRLS BAG,pasta,Private Label,12 OZ
9999985028,PRIVATE LABEL RIGATONI,pasta,Private Label,16 OZ
9999985071,PRIVATE LABEL SALAD ROTINI BAG,pasta,Private Label,16 OZ
9999985070,PRIVATE LABEL SALAD SHELLS,pasta,Private Label,16 OZ
9999985133,PRIVATE LABEL SPAGHETTI,pasta,Private Label,8 OZ
9999985004,PRIVATE LABEL SPAGHETTI REGULAR,pasta,Private Label,16 OZ
9999985005,PRIVATE LABEL SPAGHETTI REGULAR,pasta,Private Label,32OZ
9999985006,PRIVATE LABEL SPAGHETTI REGULAR,pasta,Private Label,48 OZ
9999985051,PRIVATE LABEL SPAGHETTI THIN,pasta,Private Label,32OZ
9999985001,PRIVATE LABEL THIN SPAGHETTI,pasta,Private Label,N     7 OZ
9999985020,PRIVATE LABEL THIN SPAGHETTI,pasta,Private Label,16 OZ
9999985060,PRIVATE LABEL THIN SPAGHETTI,pasta,Private Label,48 OZ
9999985067,PRIVATE LABEL VERMICELLI,pasta,Private Label,16 OZ
9999985127,PRIVATE LABEL WIDE EGG NOODLES,pasta,Private Label,16 OZ
9999985132,PRIVATE LABEL YOLK FREE NOODLES,pasta,Private Label,12 OZ
9999985066,PRIVATE LABEL ACINI DE PEPE SOUP CUT,pasta,Private Label Premium,16 OZ
9999985039,PRIVATE LABEL BUCATINI PERCIATELLI,pasta,Private Label Premium,16 OZ
9999985054,PRIVATE LABEL CAMPANELLE,pasta,Private Label Premium,16 OZ
9999985031,PRIVATE LABEL CAPELLINI ANGEL HAIR,pasta,Private Label Premium,16 OZ
9999985056,PRIVATE LABEL CAVATAPPI PASTA,pasta,Private Label Premium,16 OZ
9999985053,PRIVATE LABEL CONCHIGLIE RIGATE SHL,pasta,Private Label Premium,16 OZ
9999985058,PRIVATE LABEL DITALLINI MACARONI,pasta,Private Label Premium,16 OZ
9999985048,PRIVATE LABEL FARFALLE BOWTIES,pasta,Private Label Premium,16 OZ
9999985038,PRIVATE LABEL FETTUCCINE SPAGHETI,pasta,Private Label Premium,16 OZ
9999985050,PRIVATE LABEL FUSILLI-ROTINI-SPRL,pasta,Private Label Premium,16 OZ
9999985040,PRIVATE LABEL GEMELLI MACARONI,pasta,Private Label Premium,16 OZ
9999985131,PRIVATE LABEL IMPORTED LASAGNA,pasta,Private Label Premium,16 OZ
9999985488,PRIVATE LABEL ITAL NESTED ANGEL HAIR,pasta,Private Label Premium,16 OZ
9999985137,PRIVATE LABEL ITALIAN MANICOTTI,pasta,Private Label Premium,8.8 OZ
9999985766,PRIVATE LABEL ITALIAN TRI COLORE CRE,pasta,Private Label Premium,16 OZ
9999985003,PRIVATE LABEL LEMON PEPPER PENNE RIG,pasta,Private Label Premium,12 OZ
9999985032,PRIVATE LABEL LINGUINE SPAGHETTI,pasta,Private Label Premium,16 OZ
9999985045,PRIVATE LABEL ORECCHIETTE MACARON,pasta,Private Label Premium,16 OZ
9999985093,PRIVATE LABEL ORZO MACARONI,pasta,Private Label Premium,16 OZ
9999985046,PRIVATE LABEL PENNE LISCE MOSTACCIO,pasta,Private Label Premium,16 OZ
9999985047,PRIVATE LABEL PENNE RIGATE,pasta,Private Label Premium,16 OZ
9999985049,PRIVATE LABEL RIGATONI(MANICHE R),pasta,Private Label Premium,16 OZ
9999985130,PRIVATE LABEL RST GARLIC & HERB THIN,pasta,Private Label Premium,12 OZ
9999985036,PRIVATE LABEL SPAGHETTI PASTA,pasta,Private Label Premium,16 OZ
9999985037,PRIVATE LABEL SPAGHETTINIPASTA,pasta,Private Label Premium,16 OZ
9999985059,PRIVATE LABEL STARS MACARONI,pasta,Private Label Premium,16 OZ
9999985055,PRIVATE LABEL TORTIGLIONI PSTA,pasta,Private Label Premium,16 OZ
9999908441,PRIVATE LABEL ELBOW MACARONI,pasta,Private Label Value,4 LB
9999981173,PRIVATE LABEL ELBOW MACARONI,pasta,Private Label Value,4 LB
9999908446,PRIVATE LABEL SPAGHETTI,pasta,Private Label Value,4 LB
9999981174,PRIVATE LABEL SPAGHETTI,pasta,Private Label Value,4 LB
9999981175,PRIVATE LABEL X WIDE EGG NOODLES,pasta,Private Label Value,1 LB
8912527000,QUINOA W/F PASTA SHELL 8Z,pasta,Quinoa,KH# 39724
7171000159,R&F CURLY LASAGNA,pasta,R&F,16 OZ
7171000670,R&F KLUSKI NOODLES,pasta,R&F,12 OUNCE
7171000138,R&F MOSTACCIOLI PASTA,pasta,R&F,16 OZ
7171000177,RF MANICOTTI,pasta,R&F,8 OZ
4747900035,RAOS PASTA FUSILLI,pasta,Raos,17 OZ
4747900027,RAOS PASTA LINGUINE,pasta,Raos,17 OZ
4747900029,RAOS PASTA PENNE RIGATE,pasta,Raos,17 OZ
4747900034,RAOS PASTA RIGATONI,pasta,Raos,17.6 OZ
4747900026,RAOS PASTA SPAGHETTI,pasta,Raos,17 OZ
4747900037,RAOS PASTA STROZZAPPRETI,pasta,Raos,17 OZ
4747900038,RAOS PASTA TRI-CLR FARFLL,pasta,Raos,17 OZ
7130030010,RONZONI 3 CHS TORTELLINI,pasta,Ronzoni,8.8 OZ
7130000020,RONZONI ANGEL HAIR PASTA,pasta,Ronzoni,16 OZ
7130000066,RONZONI BOW TIES,pasta,Ronzoni,CR   16 OZ
7130000011,RONZONI CAPELLINI,pasta,Ronzoni,SO   16 OZ
7130030013,RONZONI CHS/GRLC TORTELLI,pasta,Ronzoni,8.8 OZ
7130000080,RONZONI CURLY LASAGNE NO,pasta,Ronzoni,1 LB
7130000002,RONZONI CUT ZITI,pasta,Ronzoni,16 OZ
7130000036,RONZONI CVTPPI ELBW TWIST,pasta,Ronzoni,16 OZ
7130000035,RONZONI ELBOW MACARONI,pasta,Ronzoni,16 OZ
7130000135,RONZONI FETTUCCINE FLORENTINE,pasta,Ronzoni,12 OZ
7130000126,RONZONI GERMELLI,pasta,Ronzoni,16 OZ
3340006508,RONZONI HH XWIDE NOODLE,pasta,Ronzoni,12 OZ
7130000017,RONZONI LINGUINE NO 17,pasta,Ronzoni,1 LB
7130000022,RONZONI MEDIUM SHELLS,pasta,Ronzoni,16 OZ
7130000086,RONZONI MOSTACCIOLI RGATI,pasta,Ronzoni,16 OZ
7130000047,RONZONI ORZO NO 47,pasta,Ronzoni,1 LB
7130000076,RONZONI PENNE RIGATE,pasta,Ronzoni,16 OZ
7130030011,RONZONI RICOTTA/SPIN TORT,pasta,Ronzoni,8.8 OZ
7130000124,RONZONI ROTELLE,pasta,Ronzoni,16 OZ
7130000075,RONZONI ROTINI,pasta,Ronzoni,16 OZ
7130000008,RONZONI SPAGHETTI #8,pasta,Ronzoni,16 OZ
7130000063,RONZONI TRI COLOR ROTINI,pasta,Ronzoni,12 OZ
7130000010,RONZONI VERMICELLI #10,pasta,Ronzoni,16 OZ
7130000001,RONZONI ZITI RIGATI,pasta,Ronzoni,16 OZ
7130000081,RONZONI\OVEN RDY LASAGNE,pasta,Ronzoni,8 OZ
7130000027,RONZONI\RIGATONI NOODLES,pasta,Ronzoni,16 OZ
7130000136,RONZONI\ROASTED GAR FETT,pasta,Ronzoni,12 OZ
7130000009,RONZONI\THIN SPAG NOODLES,pasta,Ronzoni,16 OZ
3340061125,LGHT N FLFY MACARONI DUMP,pasta,San Giorgio,12 OZ
3340061283,LGT N FLUFFY WIDE EGG NDL,pasta,San Giorgio,12 OZ
3340061280,LGT N FLUFFY XWIDE EGG ND,pasta,San Giorgio,12 OZ
3340061127,LIGHT N FLUFFY RAINBOW TW,pasta,San Giorgio,12 OZ
3340061126,LIGHT N FLUFFY RIPPLETS,pasta,San Giorgio,12 OZ
3340060983,LIGHT N FLUFFY WIDE NOODLES,pasta,San Giorgio,8 OZ
3340060980,LIGHT N FLUFFY X-WIDE NOODLES,pasta,San Giorgio,8 OZ
3340060708,SAN GIORGI SPAGHETTI,pasta,San Giorgio,7 OZ
3340060709,SAN GIORGI THIN SPAGHETTI,pasta,San Giorgio,7 OZ
3340060751,SAN GIORGIO SHELLS,pasta,San Giorgio,7 OZ
3340060110,SAN GIORGIO VERMICELI,pasta,San Giorgio,P    16 OZ
3340061147,SAN GRGO ALPHABETS,pasta,San Giorgio,12 OZ
3340060128,SAN GRGO CUT ZITE,pasta,San Giorgio,16 OZ
3340060135,SAN GRGO ELBOW MACARONI,pasta,San Giorgio,16 OZ
3340061193,SAN GRGO FETTUCCINI FLORENTINE,pasta,San Giorgio,12 OZ
3340061198,SAN GRGO FETTUCCINI NDLS,pasta,San Giorgio,P    12 OZ
3340061192,SAN GRGO GRLC&HRB FETTCNI,pasta,San Giorgio,12 OZ
3340061152,SAN GRGO JUMBO SHELLS,pasta,San Giorgio,12 OZ
3340060150,SAN GRGO LG SHELLS,pasta,San Giorgio,16 OZ
3340060833,SAN GRGO MANICOTTI,pasta,San Giorgio,8 OZ
3340060123,SAN GRGO RIGATONI,pasta,San Giorgio,16 OZ
3340060108,SAN GRGO SPAGHETTI,pasta,San Giorgio,16 OZ
3340060109,SAN GRGO THIN SPAGHETTI,pasta,San Giorgio,P     1 LB
3261211705,SUGAR BUSTER SPIRALS,pasta,Sugar Buster,CR   16 OZ
7107200406,ALESSI FRA DIAVOLO SAUCE,pasta sauce,Alessi,24 OZ
7107201237,ALESSI PESTO SAUCE,pasta sauce,Alessi,3.5 OZ
7224825064,AMORE PESTO IN TUBES,pasta sauce,Amore,2.8 OZ
7680852094,BARILLA GDN VEG PASTA SCE,pasta sauce,Barilla,26 OZ
7680852138,BARILLA ITALIAN CHEESE SC,pasta sauce,Barilla,26 OZ
7079691000,BELLINO FLY PREPARE SPAG SCE,pasta sauce,Bellino,32 OZ
3620000493,BERTLI MED OLV W/SNDRD TM,pasta sauce,Bertolli,24 OZ
3620000473,BERTOLI MRNRA W/BURG WN S,pasta sauce,Bertolli,24 OZ
3620000475,BERTOLLI ALFREDO MSHRM SC,pasta sauce,Bertolli,15 OZ
3620000474,BERTOLLI ALFREDO SAUCE,pasta sauce,Bertolli,15 OZ
3620000432,BERTOLLI FIVE CHEESE SCE,pasta sauce,Bertolli,24 OZ
3620000491,BERTOLLI ITALIAN SAUS SCE,pasta sauce,Bertolli,26 OZ
3620000471,BERTOLLI MUSHROOM&GRLC SC,pasta sauce,Bertolli,26 OZ
3620000439,BERTOLLI OLV OIL&GRLC SCE,pasta sauce,Bertolli,24 OZ
3620000470,BERTOLLI TOM&BASIL SAUCE,pasta sauce,Bertolli,24 OZ
3620000476,BERTOLLI VID ON W/RST GRL,pasta sauce,Bertolli,24 OZ
3620000507,BERTOLLI VODKA PASTA SAUC,pasta sauce,Bertolli,26 OZ
3620000492,FIVE BROS GARLIC ALFREDO,pasta sauce,Bertolli,16    OZ
5861006232,BROTHERS SPAGHETTI SAUCE,pasta sauce,Brother's,23OZ
4380045007,BUITONI GARDEN VEG SAUCE,pasta sauce,Buitoni,26 OZ
4380045001,BUITONI MARINARA SAUCE,pasta sauce,Buitoni,14 OZ
4380045006,BUITONI MUSHROOM SAUCE,pasta sauce,Buitoni,26 OZ
4380045008,BUITONI TOM/GRLC/ON SAUCE,pasta sauce,Buitoni,26 OZ
4380045005,CONTADINA MARINARA SAUCE,pasta sauce,Buitoni,26 OZ
8532801985,CANDONI PESTO CLASSICO,pasta sauce,Candoni,6.3 OZ
8532801989,CNDO PESTO/SUNDRIED TOMS,pasta sauce,Candoni,6.3 OZ
7079670002,CENTO CLAM SAUCE RED,pasta sauce,Cento,10.5 OZ
7079670001,CENTO WHITE CLAM SAUCE,pasta sauce,Cento,10.5 OZ
6414404236,CHEF PIZZA SAUCE CHEESE,pasta sauce,Chef Pizza,15 OZ
4112907763,CLASSICO ALFREDO DI ROMA,pasta sauce,Classico,16    OZ
4112927463,CLASSICO FOUR CHEESE ALFR,pasta sauce,Classico,16 OZ
4112907762,CLASSICO FOUR CHEESE SCE,pasta sauce,Classico,26 OZ
4112927200,CLASSICO GRD VEG PRIMAVER,pasta sauce,Classico,26 OZ
4112907722,CLASSICO MUSH&RIPE OLIVES,pasta sauce,Classico,26 OZ
4112907742,CLASSICO SPICY RED PEPPER,pasta sauce,Classico,26 OZ
4112900006,CLASSICO SUN DRIED TOMATO,pasta sauce,Classico,10    OZ
4112907755,CLASSICO SUN DRIED TOMATO,pasta sauce,Classico,26 OZ
4112907769,CLASSICO SUN DRIED TOMATO,pasta sauce,Classico,16 OZ
4112907790,CLASSICO SWEET BASIL MARI,pasta sauce,Classico,26    OZ
4112907787,CLASSICO TOMATO ALFREDO,pasta sauce,Classico,26 OZ
4112907785,CLASSICO\TRIPLE MUSHROOM,pasta sauce,Classico,26 OZ
4112907764,CLSCO ALFREDO ROAST GARLC,pasta sauce,Classico,16 OZ
4112900005,CLSCO BASIL PESTO SAUCE,pasta sauce,Classico,10 OZ
4112927445,CLSCO CABERNET MARINARA,pasta sauce,Classico,26 OZ
4112907776,CLSCO SAUCE FLORENTINE,pasta sauce,Classico,26 OZ
4112907702,CLSCO SAUCE ITALIAN SAUSG,pasta sauce,Classico,26 OZ
4112907700,CLSCO SAUCE TOMATO/GARLIC,pasta sauce,Classico,26 OZ
4112907712,CLSCO SAUCE TOMATOE BASIL,pasta sauce,Classico,26 OZ
4112907775,CLSCO SPICY TOMATO SAUCE,pasta sauce,Classico,26 OZ
4119607102,PROGRESSO MARINARA SCE,pasta sauce,Classico,12 OZ
4119606063,PROGRESSO RED CLAM SAUCE,pasta sauce,Classico,15 OZ
4119606056,PROGRESSO WHITE CLAM SCE,pasta sauce,Classico,15 OZ
3915341422,COLAVITA FF HOT SCE,pasta sauce,Colavita,16 OZ
3915341436,COLAVITA FF MSHRM SCE,pasta sauce,Colavita,16 OZ
3915341421,COLAVITA FREE MARINARA,pasta sauce,Colavita,16 OZ
3915341402,COLAVITA HOT TOMATO SC,pasta sauce,Colavita,16 OZ
3915341401,COLAVITA MARINARA PSTA SCE,pasta sauce,Colavita,16 OZ
5346901001,DAVES GLDN HRLM PSTA SCE,pasta sauce,Dave's,26 OZ
5346901004,DAVES ORG RSTD GAR&SWT BS,pasta sauce,Dave's,26 OZ
5346901003,DAVES WLD MSHRM PSTA SCE,pasta sauce,Dave's,26 OZ
1488650005,DELL AMORE FRSH BASL G,pasta sauce,Dell Amore,26 OZ
1488650001,DELL AMORE ORG RECPT SCE,pasta sauce,Dell Amore,26 OZ
7468309946,EMERIL HOMESTYLE MARINA R,pasta sauce,Emeril's,25 OZ
7468309945,EMERIL SCE PEPR PSTA,pasta sauce,Emeril's,26    OZ
7468309950,EMERILS KCKD UP TOMATO SC,pasta sauce,Emeril's,P    25 OZ
7468309948,EMERILS PUTTANESCA SAUCE,pasta sauce,Emeril's,25 OZ
7468309949,EMERILS ROSTED GARLIC SCE,pasta sauce,Emeril's,25 OZ
7468309947,EMERILS VODKA SAUCE,pasta sauce,Emeril's,25 OZ
2700042232,CHUNKY TOMATO GARLC ONION,pasta sauce,Hunt's,26 OZ
2700042240,HNT MEAT SPAGHETTI SAUCE,pasta sauce,Hunt's,26.5 OZ
2700042254,HUNT SPAG SAUCE ITL SAUS,pasta sauce,Hunt's,26.5 OZ
2700042273,HUNT SPAG SCE ITAL 4 CHSE,pasta sauce,Hunt's,26 OZ
2700042238,HUNT TRADITIONAL SAUCE,pasta sauce,Hunt's,26.5 OZ
2700042292,HUNTS LIGHT TRAD SPAG SCE,pasta sauce,Hunt's,26.5 OZ
2700042274,HUNTS SPAG SCE GARLIC/HER,pasta sauce,Hunt's,26 OZ
2700042239,HUNTS SPAG.SAUCE MUSHROOM,pasta sauce,Hunt's,26 OZ
4850555720,LUCINI PSTA SCE ARTICHOKE,pasta sauce,Lucini,25.5 OZ
4850550721,LUCINI PSTA SCE SPCY TSCA,pasta sauce,Lucini,25.5 OZ
9690600226,MOM S PASTA SAUCE ORIG,pasta sauce,Mom's,24 OZ
9690602324,MOM S PASTA SCE SPCL M,pasta sauce,Mom's,24 OZ
9690602524,MOMS PUTTANESCA SCE 24 OZ,pasta sauce,Mom's,KH# 58442
9690600614,TIMPONES MOMS SPGHTTI SCE,pasta sauce,Mom's,CR   14 OZ
2066200265,NEWMAN SPAG SCE TOM/GRLC,pasta sauce,Newman's,26 OZ
2066200020,NEWMANS MARINARA SAUCE,pasta sauce,Newman's,26 OZ
2066200267,NEWMANS OWN PESTO/TOM SCE,pasta sauce,Newman's,26 OZ
2066200266,NEWMANS OWN VODKA SAUCE,pasta sauce,Newman's,26 OZ
2066200019,NEWMANS SAY CHEESE PAS,pasta sauce,Newman's,26 OZ
2066200022,NEWMANS\SOCKAROONI SAUCE,pasta sauce,Newman's,26 OZ
2066200028,NEWMN OWN BOMBOLINA PASTA SCE,pasta sauce,Newman's,26 OZ
2066200035,NEWMN OWN GARLIC&PPR SCE,pasta sauce,Newman's,26 OZ
2066200026,NWMN DIAVOLO SPCY SMR SCE,pasta sauce,Newman's,26 OZ
6971911321,PATSY FRA-DIAVOLO SAUCE,pasta sauce,Patsy's,16 OZ
6971911721,PATSY PIZZALOLA SAUCE,pasta sauce,Patsy's,16 OZ
6971911421,PATSY PUTTANESCA SAUCE,pasta sauce,Patsy's,16 OZ
6971941100,PATSY RSTD YLW/RED PEPPER,pasta sauce,Patsy's,11.6
6971911121,PATSY S MARINARA SAUCE,pasta sauce,Patsy's,16 OZ
6971911221,PATSY TOM/BASIL PASTA SCE,pasta sauce,Patsy's,16 OZ
6971911521,PATSY VODKA PASTA SAUCE,pasta sauce,Patsy's,16 OZ
6971911231,PATSYS TOMATO BASIL SAUCE,pasta sauce,Patsy's,24 OZ
6971911531,PATSYS VODKA SAUCE 24 OZ,pasta sauce,Patsy's,KH# 61779
6971911131,PATTY  MARINARA SAUCE,pasta sauce,Patsy's,24 OZ
5100012013,(S)PREGO RICOTTA PARMESAN,pasta sauce,Prego,28    OZ
5100001588,CLUB-1PREGO SPAG SAUCE,pasta sauce,Prego,67  OZ
5100005044,PREGO GARDEN COMBINATON,pasta sauce,Prego,25.75 OZ
5100015554,PREGO HEARTY 3 MEAT SUPRM,pasta sauce,Prego,27.5 OZ
5100015057,PREGO HEARTY MT FRSH MUSH,pasta sauce,Prego,27.5 OZ
5100015056,PREGO HEARTY MT ITALIAN S,pasta sauce,Prego,27.5 OZ
5100015055,PREGO HEARTY MT MEATBALL,pasta sauce,Prego,27.5 OZ
5100012911,PREGO ITALIAN SAUSAGE,pasta sauce,Prego,25.6 OZ
5100002799,PREGO MARINARA SAUCE,pasta sauce,Prego,25 OZ
5100002792,PREGO MEAT PASTA SAUCE,pasta sauce,Prego,48    OZ
5100013281,PREGO MINI MEATBALL PASTA,pasta sauce,Prego,26    OZ
5100001210,PREGO MUSH & GRN PEPPER S,pasta sauce,Prego,27.75 OZ
5100001212,PREGO MUSHROOM & GARLIC,pasta sauce,Prego,26    OZ
5100012014,PREGO MUSHROOM PARMSAN,pasta sauce,Prego,26 OZ
5100002796,PREGO MUSHROOM SPAG SAUCE,pasta sauce,Prego,26 OZ
5100002797,PREGO MUSHROOM SPAG SAUCE,pasta sauce,Prego,48 OZ
5100015194,PREGO MUSHROOM SPAG SAUCE,pasta sauce,Prego,26 OZ
5100011464,PREGO MUSHROOM SUPREME SC,pasta sauce,Prego,25.75 OZ
5100013826,PREGO PASTA BAKE TOM/GAR/,pasta sauce,Prego,27.50 OZ
5100012909,PREGO RED PEPPER/GRLIC,pasta sauce,Prego,26 OZ
5100002549,PREGO REG SPAGHETTI SAUCE,pasta sauce,Prego,26 OZ
5100014986,PREGO REG SPAGHETTI SAUCE,pasta sauce,Prego,26 OZ
5100010546,PREGO RST GARLIC PARMESAN,pasta sauce,Prego,26 OZ
5100012910,PREGO RSTD GRLC/HRB SAUCE,pasta sauce,Prego,26 OZ
5100001598,PREGO SAUCE W/MUSHROOMS,pasta sauce,Prego,67 OZ
5100002794,PREGO SPAG SAUCE MEAT,pasta sauce,Prego,26 OZ
5100014987,PREGO SPAG SAUCE MEAT,pasta sauce,Prego,26 OZ
5100002511,PREGO SPAG SAUCE PLAIN,pasta sauce,Prego,48 OZ
5100002548,PREGO SPAG SAUCE PLAIN,pasta sauce,Prego,14 OZ
5100005043,PREGO THREE CHEESE PASTA,pasta sauce,Prego,28    OZ
5100013827,PREGO THREE CHSE MARINARA,pasta sauce,Prego,27.75 OZ
5100001214,PREGO TOM/ONION/GARLIC SC,pasta sauce,Prego,26 OZ
5100008725,PREGO X CKY GARDEN COMBO,pasta sauce,Prego,48 OZ
5100005045,PREGO ZESTY MUSH/X SPICY,pasta sauce,Prego,26 OZ
9999971297,PRIVATE LABEL CHNKY SAUC PEP MUS,pasta sauce,Private Label,26 OZ
9999971291,PRIVATE LABEL CHUNKY SPAGETTI SAUCE,pasta sauce,Private Label,26 OZ
9999981585,PRIVATE LABEL CLS ITL GRL&HRB SAUCE,pasta sauce,Private Label,26.5 OZ
9999981583,PRIVATE LABEL CLS ITL RSTD GRLC&ON,pasta sauce,Private Label,26 OZ
9999973094,PRIVATE LABEL FF PASTA SC CHKY MUSH,pasta sauce,Private Label,26 OZ
9999973093,PRIVATE LABEL FF PASTA SC GRDN VEG,pasta sauce,Private Label,26 OZ
9999973092,PRIVATE LABEL FF PASTA SC TOM&HERB,pasta sauce,Private Label,26 OZ
9999971306,PRIVATE LABEL HS SPAG SAUCE TOM/BAS,pasta sauce,Private Label,26 OZ
9999971308,PRIVATE LABEL HS SPAG SCAUCE W/BEEF,pasta sauce,Private Label,26 OZ
9999971309,PRIVATE LABEL HS SPAG SCAUCE W/MUSH,pasta sauce,Private Label,26 OZ
9999968191,PRIVATE LABEL ORIG SPAG SAUCE TRAD,pasta sauce,Private Label,48 OZ
9999968192,PRIVATE LABEL ORIG SPAG SAUCE W/MT,pasta sauce,Private Label,48 OZ
9999968193,PRIVATE LABEL ORIG SPAG SC MUSHROOM,pasta sauce,Private Label,48 OZ
9999966721,PRIVATE LABEL SPAG SAUCE MUSHROOM,pasta sauce,Private Label,26 OZ
9999981584,PRIVATE LABEL SPAG SCE FOUR CHEE,pasta sauce,Private Label,26    OZ
9999981582,PRIVATE LABEL SPAG SCE MEAT,pasta sauce,Private Label,26.50 OZ
9999981581,PRIVATE LABEL SPAG SCE MUSHROOM,pasta sauce,Private Label,26.50 OZ
9999981580,PRIVATE LABEL SPAG SCE TRADITION,pasta sauce,Private Label,26.50 OZ
9999966715,PRIVATE LABEL SPAG SCE TRADITIONAL,pasta sauce,Private Label,26 OZ
9999971292,PRIVATE LABEL SPAGETTI SCE W/MUSHRM,pasta sauce,Private Label,26 OZ
9999966720,PRIVATE LABEL SPAGHTTI SAUCE MEAT,pasta sauce,Private Label,26 OZ
9999981140,PRIVATE LABEL 3 MUSHROOM PASTA SAUCE,pasta sauce,Private Label Premium,26 OZ
9999984489,PRIVATE LABEL BLK OLIVE TAPENADE,pasta sauce,Private Label Premium,10 OZ
9999900443,PRIVATE LABEL BRUSCHETA W/ONIONS,pasta sauce,Private Label Premium,17 OZ
9999981587,PRIVATE LABEL BRUSCHETA W/ONIONS,pasta sauce,Private Label Premium,17 OZ
9999981586,PRIVATE LABEL BRUSCHETTA ORIGINAL,pasta sauce,Private Label Premium,17 OZ
9999981144,PRIVATE LABEL GARLIC/SUNTOMATO SAUCE,pasta sauce,Private Label Premium,26 OZ
9999981141,PRIVATE LABEL PASTA SAUCE 6 CHEESE,pasta sauce,Private Label Premium,26 OZ
9999981142,PRIVATE LABEL PASTA SCE TOMATO BASIL,pasta sauce,Private Label Premium,26 OZ
9999981588,PRIVATE LABEL TAPENADE-GRN OLV&TOM,pasta sauce,Private Label Premium,10 OZ
9999981143,PRIVATE LABEL VID ONION/PEPPER SAUCE,pasta sauce,Private Label Premium,26 OZ
1124618059,RR ARTICHOKE PASTA SAUCE,pasta sauce,RR,24 OZ
3620001495,(S)RAGU CHNKY GRDNSTYL GR,pasta sauce,Ragu,45 OZ
3620001879,BERTOLLI BASIL DCD SPICE,pasta sauce,Ragu,8 OZ
3620004155,CARB OP RAGU GARDEN STYLE,pasta sauce,Ragu,25.3 OZ
3620004154,CARB OP RAGU HRTY SAUSAGE,pasta sauce,Ragu,16 OZ
3620004152,CARB OPTIONS ALFREDO SCE,pasta sauce,Ragu,16 OZ
3620004153,CARB OPTIONS DBL CHDR SCE,pasta sauce,Ragu,16 OZ
3620000218,RAGU CC DBL CHEDDAR,pasta sauce,Ragu,16 OZ
3620000442,RAGU CHKY GAR SUN TOM/BSL,pasta sauce,Ragu,26 OZ
3620000217,RAGU CHS CREATN PARM MOZZ,pasta sauce,Ragu,16 OZ
3620001364,RAGU CHUNKY G/S MAMAS SCE,pasta sauce,Ragu,26 OZ
3620000446,RAGU GARDEN SUPER VEG SCE,pasta sauce,Ragu,26 OZ
3620000445,RAGU GS SUPER MUSHROOM,pasta sauce,Ragu,26.3 OZ
3620000480,RAGU HEARTY ITAL PSTA SCE,pasta sauce,Ragu,26.3 OZ
3620001510,RAGU HEARTY ITAL TOM SCE,pasta sauce,Ragu,45 OZ.
3620001398,RAGU HEARTY MT CLASSIC IT,pasta sauce,Ragu,32 OZ
3620001396,RAGU HEARTY MT SSG/PEP/ON,pasta sauce,Ragu,32 OZ
3620000482,RAGU HEARTY SAUT ON/MUSH,pasta sauce,Ragu,26.3 OZ
3620001368,RAGU LT PARM ALFRDO SAUCE,pasta sauce,Ragu,16 OZ
3620001397,RAGU MAMAS MEAT SAUCE,pasta sauce,Ragu,32 OZ
3620001411,RAGU MEAT SPAGHETTI SAUCE,pasta sauce,Ragu,45 OZ PET
3620000300,RAGU OWS SPAG SAUCE MEAT,pasta sauce,Ragu,26 OZ
3620001367,RAGU PARMESAN & MOZZ,pasta sauce,Ragu,16 OZ
3620001405,RAGU R&M MAMAS MEAT SAUCE,pasta sauce,Ragu,16 OZ
3620000489,RAGU RBST ITALIAN MEAT,pasta sauce,Ragu,26 OZ
3620001408,RAGU RICH&MEATY BF/ON/GRL,pasta sauce,Ragu,32 OZ
3620001403,RAGU RICH&MEATY CLASSIC I,pasta sauce,Ragu,16 OZ
3620001376,RAGU ROBUSTO ITAL SAUSAGE,pasta sauce,Ragu,26 OZ
3620000464,RAGU ROBUSTO PARM ROMANO,pasta sauce,Ragu,26    OZ
3620000488,RAGU ROBUSTO RSTD GARLIC,pasta sauce,Ragu,26 OZ
3620001375,RAGU ROBUSTO SIX CHEESE,pasta sauce,Ragu,26    OZ
3620001374,RAGU ROBUSTO TOM O/OIL GA,pasta sauce,Ragu,26    OZ
3620000050,RAGU SAUCE O/W PLAIN,pasta sauce,Ragu,14 OZ
3620001494,RAGU SAUTEE ONION SPAG SC,pasta sauce,Ragu,45    OZ
3620000441,RAGU SPAG SCE GRN PEPP&MU,pasta sauce,Ragu,26 OZ.
3620000444,RAGU SPAG SCE ITAL GRD CO,pasta sauce,Ragu,26.3 OZ
3620001401,RAGU SPAGH SAUCE PLAIN,pasta sauce,Ragu,45 OZ
3620001499,RAGU SUPER MUSHRM SPGH SC,pasta sauce,Ragu,45 OZ PET
3620001365,RAGU TOM BASIL/ITAL,pasta sauce,Ragu,26 OZ
3620000350,RAGU TRADITIONAL MUSHROOM,pasta sauce,Ragu,26 OZ
3620000250,RAGU TRADITIONAL PLAIN,pasta sauce,Ragu,26 OZ
3620001369,RAGU\CHZ CREATION ALFRDO,pasta sauce,Ragu,16 OZ
3620000468,RAGU\HEARTY ONION/GARLIC,pasta sauce,Ragu,26 OZ
3620000440,RAGU\TOMATO GRLC/ONION SC,pasta sauce,Ragu,26 OZ
4747900014,RAOS CUORE POMODORO SAUCE,pasta sauce,Raos,24    OZ
4747900009,RAOS ITAL PEP & MUSH SAUC,pasta sauce,Raos,24 OZ
8134212307,ROSELLI S MARINARA SPAG S,pasta sauce,Roselli,25 OZ
8134212308,ROSELLI S MEAT SPAG SCE,pasta sauce,Roselli,25 OZ
4078498650,SAN MARZANO MARINARA SCE,pasta sauce,San Marzano,26 OZ
8634160316,SLVR PALATE BALSAMICO SC,pasta sauce,Silver Palate,25 OZ
8634157120,SLVR PAL\BALSAMCO VINEGAR,pasta sauce,Silver Palate,12.5 FL OZ
9546900714,SINATRAS ALFREDO SAUCE,pasta sauce,Sinatra's,15 OZ
9546900713,SINATRAS PESTO SAUCE,pasta sauce,Sinatra's,15 OZ
1160000004,ALAGA REAL CANE FLV SYRUP,syrups,Alaga,24 OZ
3000005940,A J BUTTER RICH SYRUP,syrups,Aunt Jemima,24 OZ
3000003660,A J COUNTRY RICH LT SYRUP,syrups,Aunt Jemima,24 OZ
3000005960,A/JEM SYRUP ORIGINAL,syrups,Aunt Jemima,36    OZ
3000003690,ANT JEMIMA CONTRY RICH SY,syrups,Aunt Jemima,24  OZ
3000005950,AUNT JEM SYRUP REG,syrups,Aunt Jemima,12 OZ
3000005560,AUNT JEMIMA LITE SYRUP,syrups,Aunt Jemima,36 OZ
3000005800,AUNT JEMIMA LITE SYRUP,syrups,Aunt Jemima,24 OZ
3000005970,AUNT JEMIMA ORIGINL SYRUP,syrups,Aunt Jemima,24 OZ
3000005550,C**AUNT JEMIMA LITE SYRUP,syrups,Aunt Jemima,12 OZ
3000005620,QUAKER AUNT JAM BUTR LITE,syrups,Aunt Jemima,24 OZ
2400033503,BRER RABBIT GOLD MOLAS,syrups,Brier Rabbit,12 OZ
2400033513,BRER RABBIT\DARK MOLASSES,syrups,Brier Rabbit,12 FL OZ
5390002015,CARY PURE MAPLE SYRUP,syrups,Cary's,8 OZ
5390000032,CARY S SUGR FREE SYRUP,syrups,Cary's,24 OZ
5390000031,CARY SUGARFREE SYRUP,syrups,Cary's,12 OZ
5390002025,CARYS PURE MAPLE SYRUP,syrups,Cary's,12.5 OZ
7468300552,COZY COTTAGE S/F SYRUP,syrups,Cozy Cottage,12 OZ
7468300554,COZY COTTAGE SYRUP S/FREE,syrups,Cozy Cottage,24 OZ
1480071116,GRANDMA MOLASES-GREEN,syrups,Grandma Molases,12 OZ
1480071124,GRANDMA MOLASES-YELOW,syrups,Grandma Molases,12 OZ
7306000210,HSE HERB BLKSTRP MOLASSES,syrups,HSE,15 OZ
1800000958,PILL H J BUTTER SYRUP,syrups,Hungry Jack,27.6 OZ
1800000959,PILL H J LTE BUTTER SYRUP,syrups,Hungry Jack,27.6 OZ
1800000956,PILL H J MMV REG SYRUP,syrups,Hungry Jack,27.6 OZ
1800000957,PILL H J MWV LITE SYRUP,syrups,Hungry Jack,27.6 OZ
6172005010,KARO BLUE LABEL SYRUP,syrups,Karo,16 OZ
6172005040,KARO BLUE SYRUP,syrups,Karo,32 OZ
6172005230,KARO GREEN LABEL SYRUP,syrups,Karo,32 OZ
6172005140,KARO LITE RD CORN SYRUP,syrups,Karo,32 OZ
6172005110,KARO RED LABEL SYRUP,syrups,Karo,16 OZ
4800105210,KARO WAFFLE SYRUP,syrups,Karo,16 OZ
6172005210,KARO WAFFLE SYRUP,syrups,Karo,16 OZ
3800007267,KELL EGGO LITE SYRUP,syrups,Kellogg,23 OZ
3800007266,KELL EGGO SYRUP ORIGINAL,syrups,Kellogg,23 OZ
3800007268,KELLOGG EGGO BUTTERY SYRU,syrups,Kellogg,23 OZ
7092004128,KNOTTS BOYSENBERRY SYRUP,syrups,Knott's,12 OZ
4300000066,LOG CABIN CNTRY KIT SYRUP,syrups,Log Cabin,24 OZ
4300000052,LOG CABIN LITE PITCHER PACK,syrups,Log Cabin,24 OZ
4300000036,LOG CABIN ORIG SYRUP,syrups,Log Cabin,12    OZ
4300000039,LOG CABIN ORIG SYRUP,syrups,Log Cabin,36    OZ
4300000120,LOG CABIN SUGAR FREE,syrups,Log Cabin,12 OZ
4300000037,LOG CABIN SYRUP REG,syrups,Log Cabin,P    24 OZ
7468300310,MAPLE GROVE SYRUP DRK AMB,syrups,Maple Grove,12.5 OZ
7468330800,MPL GRV PURE SYRP JUG,syrups,Maple Grove,16 OZ
7468300312,VERMONT 100% PURE MAPLE SYRUP,syrups,Maple Grove,16 OZ
8721601002,MICHELES BUTTER PECAN SYR,syrups,Michele's,13 OZ
8721601000,MICHELES HONEY CREME SYRU,syrups,Michele's,13 OZ
8721601001,MICHELES MAPLE CREME SYRU,syrups,Michele's,13 OZ
8283244016,MOONLITE SORGHUM,syrups,Moonlite,16 OZ
4420929012,M BTTRWRTH LITE SYRUP,syrups,Mrs Butterworth,12 OZ
4420979224,M BTTRWRTH SYRUP ORIGINAL,syrups,Mrs Butterworth,12 OZ
4420979347,M BUTTWRTH ORIGINAL SYRUP,syrups,Mrs Butterworth,36 OZ
4420929024,MRS BUTTERWORTH LITE SYRU,syrups,Mrs Butterworth,24 OZ
4420979129,MRS BUTTERWORTH SYRUP,syrups,Mrs Butterworth,24 OZ
7520000977,NORTHWDS MAPLE SYRUP,syrups,Northwoods,36 OZ
7520000976,NRTHWD MPL FLV SYRUP PLST,syrups,Northwoods,24 OZ
7520000936,NRTHWDS BTR MPL FLV SYRUP,syrups,Northwoods,24 OZ
7520000937,NRTHWDS BTR MPL FLV SYRUP,syrups,Northwoods,12 OZ
7520000980,NRTHWDS LITE RED CAL SYRU,syrups,Northwoods,24 OZ
7520000974,NRTHWDS MPL FLV SYRUP,syrups,Northwoods,12 OZ
7520000978,NTHWDS SF LW CAL SYRUP,syrups,Northwoods,24 OZ
7520000984,OLD PLANTATION MOLASSES,syrups,Northwoods,12 OZ
7520000912,RDNBRY CANE PTCH SYRUP,syrups,Northwoods,12 OZ
4149001111,BOB WHT CRYS WHT SYR PLST,syrups,Pennant,32 OZ
4149000102,BOB WHT CRYST WHT SYRUP,syrups,Pennant,16 OZ
4149000101,BOB WHT GOLDEN SYRUP,syrups,Pennant,16 OZ
4149073614,KING SYRUP GOLDEN,syrups,Pennant,16 OZ
4149080982,PENNANT LITE SYRUP,syrups,Pennant,24 OZ
4149000247,PENNANT SYRUP BTR MAPLE,syrups,Pennant,24 OZ
4149000002,PENNANT WAFFLE SYRUP,syrups,Pennant,12 OZ
4149000246,PENNANT WAFFLE SYRUP,syrups,Pennant,24 OZ
9999966070,PRIVATE LABEL BUTTERED SYRUP,syrups,Private Label,P    24 OZ
9999967586,PRIVATE LABEL CORN SYRUP LITE,syrups,Private Label,16 OZ
9999970114,PRIVATE LABEL DARK CORN SYRUP,syrups,Private Label,16 OZ
9999967648,PRIVATE LABEL HONEY MAPLE SYRUP,syrups,Private Label,24 OZ
9999967728,PRIVATE LABEL LITE PANCAKE SYRUP,syrups,Private Label,24 OZ
9999967739,PRIVATE LABEL LITE PANCAKE SYRUP,syrups,Private Label,36 OZ
9999972255,PRIVATE LABEL LITE PANCAKE SYRUP,syrups,Private Label,12 OZ
9999973863,PRIVATE LABEL LT CORN SYRUP PLASTIC,syrups,Private Label,32 OZ
9999967496,PRIVATE LABEL PANCAKE SYRUP,syrups,Private Label,36 OZ.
9999967725,PRIVATE LABEL PANCAKE SYRUP,syrups,Private Label,12 OZ
9999967727,PRIVATE LABEL SYRUP PLASTIC BOTTLE,syrups,Private Label,24 OZ
9999981821,PRIVATE LABEL 100% PURE MAPLE SYRUP,syrups,Private Label Premium,8 OZ
9999981816,PRIVATE LABEL MAPLE SYRUP,syrups,Private Label Premium,12 OZ
9999971884,PRIVATE LABEL IMITATION TABLE SYRUP,syrups,Private Label Value,24    OZ
5150002684,SMUCK RED RASPBERRY SYRUP,syrups,Smuckers,12 OZ
5150002682,SMUCKER BLUEBRY FRUIT SYR,syrups,Smuckers,12 OZ
5150002683,SMUCKER BOYSENBERRY SYRUP,syrups,Smuckers,12 OZ
5150002685,SMUCKER STRAWBERRY SYRUP,syrups,Smuckers,12 OZ
5150002681,SMUCKERS BLACKBERRY SYRUP,syrups,Smuckers,12 OZ
2400033523,SOBRAB BKSTRP MOLASSES,syrups,Sobrab Bkstrp,12 OZ
3905972884,SPRING TREE MAPLE SYRUP,syrups,Spring Tree,8.5 OZ
3905955112,SPRNG TREE SF MAPLE SYRUP,syrups,Spring Tree,P    24 OZ
6138914020,VRMT GLD PURE MPL SYRP,syrups,Vermont Gold,8.5 OZ
